코드값,코드값의미,비고
UAA000,국토종합용도지역미분류,2010년 12월 24일 제정
UAA100,국토종합용도지역특정지역,2010년 12월 24일 제정
UAA999,국토종합용도지역기타,2010년 12월 24일 제정
UAZ000,국토이용기타용도지역지구미지정,2010년 12월 24일 제정
UAZ100,국토이용기타용도지역지구,2010년 12월 24일 제정
UAZ999,국토이용기타용도지역지구기타,2010년 12월 24일 제정
UB1000,동계올림픽특별구역미분류,2014년 12월 15일 제정
UB1100,동계올림픽특별구역,2014년 12월 15일 제정
UB1999,동계올림픽특별구역기타,2014년 12월 15일 제정
UBA000,수도권정비권역미지정,2010년 12월 24일 제정
UBA100,과밀억제권역,2010년 12월 24일 제정
UBA200,성장관리권역,2010년 12월 24일 제정
UBA300,자연보전권역,2010년 12월 24일 제정
UBA999,수도권정비권역기타,2010년 12월 24일 제정
UBB000,지역균형개발및중소기업육성미분류,2010년 12월 24일 제정
UBB100,광역개발권역,2010년 12월 24일 제정
UBB200,개발촉진지구,2010년 12월 24일 제정
UBB300,중소기업특별지원지역,2010년 12월 24일 제정
UBB400,복합단지,2010년 12월 24일 제정
UBB500,특정지역,2010년 12월 24일 제정
UBB600,지역종합개발지구,2006년 12월 06일 제정
UBB999,지역균형개발및중소기업육성기타,2010년 12월 24일 제정
UBC000,제주도개발용도지역미지정,2018년 06월 18일 제∙개정
UBC100,절대보전지역,2018년 06월 18일 제∙개정
UBC200,상대보전지역,2018년 06월 18일 제∙개정
UBC300,중산간보전지역,2008년 02월 08일 제∙개정
UBC310,지하수자원보전지구,2010년 12월 24일 제정
UBC311,지하수자원보전지구1등급,2010년 12월 24일 제정
UBC312,지하수자원보전지구2등급,2010년 12월 24일 제정
UBC313,지하수자원보전지구3등급,2010년 12월 24일 제정
UBC314,지하수자원보전지구4등급,2010년 12월 24일 제정
UBC320,생태계보전지구,2010년 12월 24일 제정
UBC321,생태계보전지구1등급,2010년 12월 24일 제정
UBC322,생태계보전지구2등급,2010년 12월 24일 제정
UBC323,생태계보전지구3등급,2010년 12월 24일 제정
UBC324,생태계보전지구4-1등급,2010년 12월 24일 제정
UBC325,생태계보전지구4-2등급,2010년 12월 24일 제정
UBC326,생태계보전지구5등급,2010년 12월 24일 제정
UBC330,경관보전지구,2010년 12월 24일 제정
UBC331,경관보전지구1등급,2010년 12월 24일 제정
UBC332,경관보전지구2등급,2010년 12월 24일 제정
UBC333,경관보전지구3등급,2010년 12월 24일 제정
UBC334,경관보전지구4등급,2010년 12월 24일 제정
UBC335,경관보전지구5등급,2010년 12월 24일 제정
UBC400,관리보전지역,2010년 12월 24일 제정
UBC999,제주도개발기타,2010년 12월 24일 제정
UBD000,탄광지역진흥사업추진대상지역미분류,2010년 12월 24일 제정
UBD100,탄광지역진흥사업추진대상지역,2010년 12월 24일 제정
UBD999,탄광지역진흥사업추진대상지역기타,2010년 12월 24일 제정
UBE000,폐광지역진흥지구미분류,2010년 12월 24일 제정
UBE100,폐광지역진흥지구,2010년 12월 24일 제정
UBE999,폐광지역진흥지구기타,2010년 12월 24일 제정
UBF000,기업도시개발기업도시미분류,2010년 12월 24일 제정
UBF100,산업교역형기업도시,2010년 12월 24일 제정
UBF200,지식기반형기업도시,2010년 12월 24일 제정
UBF300,관광레져형기업도시,2010년 12월 24일 제정
UBF400,혁신거점형기업도시,2010년 12월 24일 제정
UBF999,기업도시개발기업도시기타,2010년 12월 24일 제정
UBG000,기업도시개발용도구역미분류,2010년 12월 24일 제정
UBG100,기업도시개발구역,2010년 12월 24일 제정
UBG999,기업도시개발용도구역기타,2010년 12월 24일 제정
UBH000,제주국제자유도시용도구역미분류,2010년 12월 24일 제정
UBH100,지하수자원특별관리구역,2010년 12월 24일 제정
UBH200,제주첨단과학기술단지,2010년 12월 24일 제정
UBH300,제주투자진흥지구,2010년 12월 24일 제정
UBH999,제주국제자유도시용도구역기타,2010년 12월 24일 제정
UBI000,경제자유구역용도지구미분류,2010년 12월 24일 제정
UBI100,경제자유구역,2010년 12월 24일 제정
UBI999,경제자유구역용도지구기타,2010년 12월 24일 제정
UBJ000,지역특화발전특구미분류,2018년 06월 18일 제∙개정
UBJ100,지역특화발전특구,2018년 06월 18일 제∙개정
UBJ999,지역특화발전특구기타,2018년 06월 18일 제∙개정
UBK000,대덕연구개발특구용도구역미분류,2010년 12월 24일 제정
UBK001,연구개발특구미분류,2008년 01월 08일 제∙개정
UBK100,주거구역,2010년 12월 24일 제정
UBK110,전용주거구역,2010년 12월 24일 제정
UBK120,일반주거구역,2010년 12월 24일 제정
UBK130,준주거구역,2010년 12월 24일 제정
UBK200,상업구역,2010년 12월 24일 제정
UBK300,녹지구역,2010년 12월 24일 제정
UBK400,교육·연구 및 사업화시설구역,2010년 12월 24일 제정
UBK500,산업시설구역,2015년 09월 15일 제∙개정
UBK501,산업육성구역,2016년 03월 16일 제∙개정
UBK502,산업지원구역,2016년 03월 16일 제∙개정
UBK600,연구개발특구,2010년 12월 24일 제정
UBK900,연구개발특구기타,2015년 09월 15일 제∙개정
UBK999,대덕연구개발특구용도지구기타,2010년 12월 24일 제정
UBL000,지하수자원보전지구미분류,2010년 12월 24일 제정
UBL100,지하수자원보전지구,2010년 12월 24일 제정
UBL110,지하수자원보전1등급,2010년 12월 24일 제정
UBL120,지하수자원보전2등급,2010년 12월 24일 제정
UBL130,지하수자원보전3등급,2010년 12월 24일 제정
UBL140,지하수자원보전4등급,2010년 12월 24일 제정
UBL999,지하수자원보전지구기타,2010년 12월 24일 제정
UBM000,생태계보전지구미분류,2010년 12월 24일 제정
UBM100,생태계보전지구,2010년 12월 24일 제정
UBM110,생태계보전지구1등급,2010년 12월 24일 제정
UBM120,생태계보전지구2등급,2010년 12월 24일 제정
UBM130,생태계보전지구3등급,2010년 12월 24일 제정
UBM140,생태계보전지구4-1등급,2010년 12월 24일 제정
UBM150,생태계보전지구4-2등급,2010년 12월 24일 제정
UBM160,생태계보전지구5등급,2010년 12월 24일 제정
UBM999,생태계보전지구기타,2010년 12월 24일 제정
UBN000,경관보전지구미분류,2010년 12월 24일 제정
UBN100,경관보전지구,2010년 12월 24일 제정
UBN110,경관보전지구1등급,2010년 12월 24일 제정
UBN120,경관보전지구2등급,2010년 12월 24일 제정
UBN130,경관보전지구3등급,2010년 12월 24일 제정
UBN140,경관보전지구4등급,2010년 12월 24일 제정
UBN150,경관보전지구5등급,2010년 12월 24일 제정
UBN999,경관보전지구기타,2010년 12월 24일 제정
UBO000,예정지역미분류,2010년 12월 24일 제정
UBO100,예정지역,2010년 12월 24일 제정
UBO200,주변지역,2018년 06월 27일 제∙개정
UBO300,개발행위허가 및 건축허가제한지역,2018년 06월 27일 제∙개정
UBO999,예정지역기타,2010년 12월 24일 제정
UBP000,시장정비구역미분류,2010년 12월 24일 제정
UBP100,시장정비구역,2010년 12월 24일 제정
UBP999,시장정비구역기타,2010년 12월 24일 제정
UBQ000,혁신도시개발예정미분류,2010년 12월 24일 제정
UBQ100,혁신도시개발예정지구,2010년 12월 24일 제정
UBQ999,혁신도시개발예정지구기타,2010년 12월 24일 제정
UBR000,국제화계획지구미분류,2010년 12월 24일 제정
UBR100,국제화계획지구,2010년 12월 24일 제정
UBR999,국제화계획지구기타,2010년 12월 24일 제정
UBS000,반환공여구역주변지역미분류,2018년 06월 27일 제∙개정
UBS100,반환공여구역주변지역,2018년 06월 27일 제∙개정
UBS999,반환공여구역주변지역기타,2018년 06월 27일 제∙개정
UBT000,항만재개발사업구역미분류,2010년 12월 24일 제정
UBT100,항만재개발사업구역,2010년 12월 24일 제정
UBT999,항만재개발사업구역기타,2010년 12월 24일 제정
UBU000,대회관련시설 설치·이용지역미분류,2010년 12월 24일 제정
UBU100,대회관련시설 설치·이용지역,2010년 12월 24일 제정
UBU999,대회관련시설 설치·이용지역기타,2010년 12월 24일 제정
UBV000,동·서·남해안권개발구역미분류,2010년 12월 24일 제정
UBV100,동·서·남해안권개발구역,2010년 12월 24일 제정
UBV999,동·서·남해안권개발구역기타,2010년 12월 24일 제정
UBW000,박람회장 조성사업구역미분류,2010년 12월 24일 제정
UBW100,박람회장 조성사업구역,2010년 12월 24일 제정
UBW999,박람회장 조성사업구역기타,2010년 12월 24일 제정
UBX 200,도시재생활성화계획이 수립된 도시재생활성화지역,2022년01월07일 제정
UBX 300,도시재생혁신지구,2022년01월07일제정
UBX 400,국가시범지구,2022년01월07일 제정
UBX000,신발전지역발전촉진지구미분류,2015년 12월 03일 제∙개정
UBX100,신발전지역발전촉진지구,2015년 12월 03일 제∙개정
UBX999,신발전지역발전촉진지구기타,2015년 12월 03일 제∙개정
UBY000,지역개발사업구역 미분류,2014년 02월 14일 제∙개정
UBY100,지역개발사업구역,2014년 02월 14일 제∙개정
UBY999,지역개발사업구역 기타,2014년 02월 14일 제∙개정
UBZ000,지역기타용도지역지구미분류,2010년 12월 24일 제정
UBZ100,지역기타용도지역지구용도지역지구,2010년 12월 24일 제정
UBZ999,지역기타용도지역지구기타,2010년 12월 24일 제정
UDA000,재정비촉진지구미분류,2010년 12월 24일 제정
UDA100,재정비촉진지구,2010년 12월 24일 제정
UDA999,재정비촉진지구기타,2010년 12월 24일 제정
UDB000,도청이전신도시 개발예정지구미분류,2010년 12월 24일 제정
UDB100,도청이전신도시 개발예정지구,2010년 12월 24일 제정
UDB999,도청이전신도시 개발예정지구기타,2010년 12월 24일 제정
UDC000,역세권개발구역미분류,2010년 12월 24일 제∙개정
UDC100,역세권개발구역,2006년 12월 06일 제∙개정
UDC999,역세권개발구역기타,2006년 12월 06일 제∙개정
UDD100,특별관리지역,2006년 12월 06일 제∙개정
UDE100,공공지원민간임대주택 공급촉진지구,"2018년 01월 18일 제∙개정(민간임대주택에 관한 특별법)
2016년 02월 06일 제∙개정"
UDJ000,정비예정구역미분류,2010년 12월 24일 제∙개정
UDJ100,정비예정구역,2010년 12월 24일 제∙개정
UDJ999,정비예정구역기타,2010년 12월 24일 제∙개정
UDK100,소규모재개발사업 시행예정구역,2022-01-12
UDK200,소규모주택정비 관리지역,2022-01-12
UDL 100,공공주택지구,2022년01월07일제정
UDL 200,도심 공공주택 복합지구,2022-01-12
UDL000,보금자리주택지구미분류,2010년 12월 24일 제정
UDL100,보금자리주택지구,2010년 12월 24일 제정
UDL999,보금자리주택지구기타,2010년 12월 24일 제정
UDN000,재해위험구역미분류,2010년 12월 24일 제정
UDN200,재해관리구역,2010년 12월 24일 제정
UDN210,제1종재해관리구역,2010년 12월 24일 제정
UDN220,제2종재해관리구역,2010년 12월 24일 제정
UDN230,제3종재해관리구역,2010년 12월 24일 제정
UDN999,재해위험구역기타,2010년 12월 24일 제정
UDP000,택지개발예정지구미분류,2010년 12월 24일 제정
UDP100,택지개발예정지구,2010년 12월 24일 제정
UDP999,택지개발예정지구기타,2010년 12월 24일 제정
UDQ000,토지구획정리사업지구미분류,2010년 12월 24일 제정
UDQ100,토지구획정리사업지구,2010년 12월 24일 제정
UDQ999,토지구획정리사업지구기타,2010년 12월 24일 제정
UDR000,재개발구역미분류,2010년 12월 24일 제정
UDR100,재개발구역,2010년 12월 24일 제정
UDR999,재개발구역기타,2010년 12월 24일 제정
UDS000,주거환경개선지구미분류,2010년 12월 24일 제정
UDS100,주거환경개선지구,2010년 12월 24일 제정
UDS999,주거환경개선지구기타,2010년 12월 24일 제정
UDT000,정비구역미분류,2010년 12월 24일 제정
UDT100,정비구역,2010년 12월 24일 제정
UDT999,정비구역기타,2010년 12월 24일 제정
UDU000,토지형질변경규제지역미분류,2010년 12월 24일 제정
UDU100,토지형질변경규제지역,2010년 12월 24일 제정
UDU999,토지형질변경규제지역기타,2010년 12월 24일 제정
UDV000,개발제한미분류,2010년 12월 24일 제정
UDV100,개발제한구역,2010년 12월 24일 제정
UDV999,개발제한구역기타,2010년 12월 24일 제정
UDW000,도시개발구역미분류,2010년 12월 24일 제정
UDW100,도시개발구역,2010년 12월 24일 제정
UDW999,도시개발구역기타,2010년 12월 24일 제정
UDX000,건축용도지역미분류,2010년 12월 24일 제정
UDX100,건축허가·착공제한지역,2010년 12월 24일 제정
UDX200,가로구역별 최고높이 제한지역,2010년 12월 24일 제정
UDX999,건축용도지역기타,2010년 12월 24일 제정
UDY000,국민임대주택용도지역미분류,2010년 12월 24일 제정
UDY100,국민임대주택단지예정지구,2010년 12월 24일 제정
UDY999,국민임대주택용도지역기타,2010년 12월 24일 제정
UDZ000,도시기타용도지역지구미분류,2010년 12월 24일 제정
UDZ100,도시기타용도지역지구용도지역지구,2010년 12월 24일 제정
UDZ999,도시기타용도지역지구기타,2010년 12월 24일 제정
UEA000,농업진흥지역미분류,2010년 12월 24일 제정
UEA100,농업진흥지역,2010년 12월 24일 제정
UEA110,농업진흥구역,2010년 12월 24일 제정
UEA120,농업보호구역,2010년 12월 24일 제정
UEA999,농업진흥지역기타,2010년 12월 24일 제정
UEB000,농어촌주거환경개선지구미분류,2010년 12월 24일 제정
UEB100,농어촌주거환경개선지구,2010년 12월 24일 제정
UEB999,농어촌주거환경개선지구기타,2010년 12월 24일 제정
UEC000,농어촌정비미분류,2010년 12월 24일 제정
UEC100,생활환경정비구역,2010년 12월 24일 제정
UEC300,한계농지정비지구,2010년 12월 24일 제정
UEC400,농업생산기반 정비사업지역,2010년 12월 24일 제정
UEC500,마을정비구역,2010년 12월 24일 제정
UEC600,농어촌 관광휴양단지,2010년 12월 24일 제정
UEC700,공장 등 설립 제한 지역,2010년 12월 24일 제∙개정
UEC999,농어촌정비기타,2010년 12월 24일 제정
UED000,가축보호지역미분류,2010년 12월 24일 제정
UED100,가축보호지역,2010년 12월 24일 제정
UED999,가축보호지역기타,2010년 12월 24일 제정
UEE000,새만금사업지역미분류,2010년 12월 24일 제정
UEE100,새만금사업지역,2010년 12월 24일 제정
UEE999,새만금사업지역기타,2010년 12월 24일 제정
UEF000,농업생산기반시설 및 주변지역 활용구역미분류,2010년 12월 24일 제정
UEF100,농업생산기반시설 및 주변지역 활용구역,2010년 12월 24일 제정
UEF999,농업생산기반시설 및 주변지역 활용구역기타,2010년 12월 24일 제정
UEG000,영농여건불리농지미분류,2010년 12월 24일 제∙개정
UEG100,영농여건불리농지,2010년 12월 24일 제∙개정
UEG999,영농여건불리농지기타,2010년 12월 24일 제∙개정
UEZ000,농업기타용도지역지구미분류,2010년 12월 24일 제정
UEZ100,농업기타용도지역지구용도지역지구,2010년 12월 24일 제정
UEZ999,농업기타용도지역지구기타,2010년 12월 24일 제정
UFD000,조수보호구미분류,2010년 12월 24일 제정
UFD100,조수보호구,2010년 12월 24일 제정
UFD200,수렵장,2010년 12월 24일 제정
UFD300,금렵구,2010년 12월 24일 제정
UFD999,조수보호구기타,2010년 12월 24일 제정
UFE000,사방지미분류,2010년 12월 24일 제정
UFE100,사방지,2010년 12월 24일 제정
UFE999,사방지기타,2010년 12월 24일 제정
UFF000,초지미분류,2010년 12월 24일 제정
UFF100,초지,2010년 12월 24일 제정
UFF200,사료작물재배지,2010년 12월 24일 제정
UFF300,미개간지,2010년 12월 24일 제정
UFF999,초지기타,2010년 12월 24일 제정
UFG000,낙농지구미분류,2010년 12월 24일 제정
UFG100,낙농지구,2010년 12월 24일 제정
UFG999,낙농지구기타,2010년 12월 24일 제정
UFH000,임업진흥촉진권역미분류,2010년 12월 24일 제정
UFH100,임업진흥촉진권역,2010년 12월 24일 제정
UFH999,임업진흥촉진권역기타,2010년 12월 24일 제정
UFI000,수목원용도지역미분류,2010년 12월 24일 제정
UFI100,국립수목원완충지역,2010년 12월 24일 제정
UFI200,수목원조성예정지,2010년 12월 24일 제정
UFI999,수목원용도지역기타,2010년 12월 24일 제정
UFJ000,소유구분에따른산림미분류,2010년 12월 24일 제정
UFJ100,국유림,2010년 12월 24일 제정
UFJ200,공유림,2010년 12월 24일 제정
UFJ300,사유림,2010년 12월 24일 제정
UFJ999,소유구분에의한산림기타,2010년 12월 24일 제정
UFK000,이용형태에따른산림미분류,2010년 12월 24일 제정
UFK100,자연휴양림구역,2010년 12월 24일 제정
UFK999,이용형태에따른산림기타,2010년 12월 24일 제정
UFL000,산림기타용도지역지구미분류,2010년 12월 24일 제정
UFL100,특수개발지역,2010년 12월 24일 제정
UFL999,산림기타용도지역지구기타,2010년 12월 24일 제정
UFM000,보전준보전산지미분류,2010년 12월 24일 제정
UFM100,보전산지,2010년 12월 24일 제정
UFM110,임업용산지,2010년 12월 24일 제정
UFM120,공익용산지,2010년 12월 24일 제정
UFM200,준보전산지,2010년 12월 24일 제정
UFM999,보전준보전산지기타,2010년 12월 24일 제정
UFN000,산지관리기타용도지역미분류,2010년 12월 24일 제정
UFN100,산지전용제한지역,2010년 12월 24일 제정
UFN200,채석허가제한지역,2010년 12월 24일 제정
UFN400,채석단지,2010년 12월 24일 제정
UFN500,토석채취제한지역,2010년 12월 24일 제정
UFN999,산지관리기타용도지역기타,2010년 12월 24일 제정
UFO000,백두대간보호용도지역미분류,2010년 12월 24일 제정
UFO100,백두대간보호지역,2010년 12월 24일 제정
UFO110,핵심구역,2010년 12월 24일 제정
UFO120,완충구역,2010년 12월 24일 제정
UFO999,백두대간보호용도지역기타,2010년 12월 24일 제정
UFP000,임업및산촌진흥용도권역미분류,2010년 12월 24일 제정
UFP100,임업진흥권역,2010년 12월 24일 제정
UFP200,산촌진흥권역,2010년 12월 24일 제정
UFP999,임업및산촌진흥용도권역기타,2010년 12월 24일 제정
UFQ000,산림자원미분류,2010년 12월 24일 제정
UFQ100,산림정화보호구역,2010년 12월 24일 제정
UFQ200,특수산림사업지구,2010년 12월 24일 제정
UFQ300,채종림구역,2010년 12월 24일 제정
UFQ600,시험림구역,2010년 12월 24일 제정
UFQ999,산림자원기타,2010년 12월 24일 제정
UFR000,산림보호구역미분류,2010년 12월 24일 제정
UFR100,산림보호구역,2010년 12월 24일 제정
UFR110,생활환경보호구역,2008년 01월 08일 제∙개정
UFR120,수원함양보호구역,2010년 12월 24일 제∙개정
UFR130,경관보호구역,2007년 09월 07일 제∙개정
UFR140,재해방지보호구역(토석+비사+어촌),2010년 12월 24일 제∙개정
UFR150,산림유전자원보호구역,2010년 12월 24일 제∙개정
UFR999,산림보호구역기타,2010년 12월 24일 제정
UFZ000,산림기타용도지역지구미분류,2010년 12월 24일 제정
UFZ100,산림기타용도지역지구용도지역지구,2010년 12월 24일 제정
UFZ999,산림기타용도지역지구기타,2010년 12월 24일 제정
UGA000,어항구역미분류, 2017년 04월 17일 제∙개정 
UGA100,어항구역(육역),2017년 04월 17일 제∙개정
UGA200,어항구역(수역),2017년 04월 17일 제∙개정
UGA999,어항구역기타, 2017년 04월 17일 제∙개정 
UGB000,수면미분류,2010년 12월 24일 제정
UGB100,보호수면,2010년 12월 24일 제정
UGB200,육성수면,2010년 12월 24일 제정
UGB300,보호구역,2010년 12월 24일 제정
UGB999,수면기타,2010년 12월 24일 제정
UGC000,연안관리용도지역미분류,2010년 12월 24일 제정
UGC100,연안육역,2010년 12월 24일 제정
UGC200,핵심관리구역,2010년 12월 24일 제∙개정
UGC300,완충관리구역,2010년 12월 24일 제∙개정
UGC999,연안관리용도지역기타,2010년 12월 24일 제정
UGD000,무인도서미분류,2010년 12월 24일 제정
UGD100,절대보전무인도서,2010년 12월 24일 제정
UGD200,준보전무인도서,2010년 12월 24일 제정
UGD300,이용가능무인도서,2010년 12월 24일 제정
UGD999,무인도서기타,2010년 12월 24일 제정
UGZ000,수산기타용도지역지구미분류,2010년 12월 24일 제정
UGZ100,수산기타용도지역지구용도지역지구,2010년 12월 24일 제정
UGZ999,수산기타용도지역지구기타,2010년 12월 24일 제정
UHA000,산업단지미분류,2010년 12월 24일 제정
UHA100,국가산업단지,2010년 12월 24일 제정
UHA200,지방산업단지,2010년 12월 24일 제정
UHA210,일반산업단지,2010년 12월 24일 제정
UHA220,도시첨단산업단지,2010년 12월 24일 제정
UHA300,농공단지,2010년 12월 24일 제정
UHA400,특수지역,2010년 12월 24일 제정
UHA500,준산업단지,2010년 12월 24일 제정
UHA600,공장입지유도지구,2010년 12월 24일 제정
UHA700,재생사업지구,2010년 07월 01일 제∙개정
UHA999,산업단지기타,2010년 12월 24일 제정
UHC000,공장입지미분류,2010년 12월 24일 제정
UHC100,공장입지금지지역,2010년 12월 24일 제정
UHC200,공장설립유도지역,2010년 12월 24일 제정
UHC999,공장입지기타,2010년 12월 24일 제정
UHD000,자유무역지역설치용도지구미분류,2010년 12월 24일 제정
UHD100,자유무역지역,2010년 12월 24일 제정
UHD110,생산지구,2010년 12월 24일 제정
UHD120,자유지구,2010년 12월 24일 제정
UHD130,기타지구,2010년 12월 24일 제정
UHD999,자유무역지역설치용도지구기타,2010년 12월 24일 제정
UHE000,유통단지미분류,2010년 12월 24일 제정
UHE100,유통단지,2010년 12월 24일 제정
UHE999,유통단지기타,2010년 12월 24일 제정
UHF000,협동화단지미분류,2010년 12월 24일 제정
UHF100,협동화단지,2010년 12월 24일 제정
UHF999,협동화단지기타,2010년 12월 24일 제정
UHG000,벤처기업육성용도지역미분류,2010년 12월 24일 제정
UHG200,벤처기업육성촉진지구,2010년 12월 24일 제정
UHG999,벤처기업육성용도지역기타,2010년 12월 24일 제정
UHH000,산업집적활성화및공장설립용도지역미분류,2010년 12월 24일 제정
UHH100,과밀억제지역,2010년 12월 24일 제정
UHH200,성장관리지역,2010년 12월 24일 제정
UHH300,자연보전지역,2010년 12월 24일 제정
UHH400,유치지역,2010년 12월 24일 제정
UHH999,산업집적활성화및공장설립용도지역기타,2010년 12월 24일 제정
UHI000,자유무역지역지정및운영자유무역지역지정및운영용도지구미분류,2010년 12월 24일 제정
UHI100,자유무역지구,2010년 12월 24일 제정
UHI110,생산시설지구,2010년 12월 24일 제정
UHI120,물류시설지구,2010년 12월 24일 제정
UHI130,지원시설지구,2010년 12월 24일 제정
UHI140,자유무역예정지구,2010년 12월 24일 제정
UHI999,자유무역지역지정및운영용도지구기타,2010년 12월 24일 제정
UHJ000,산업시설미분류,2010년 12월 24일 제정
UHJ100,산업시설구역,2010년 12월 24일 제정
UHJ200,지원시설구역,2010년 12월 24일 제정
UHJ300,공공시설구역,2010년 12월 24일 제정
UHJ400,녹지구역,2010년 12월 24일 제정
UHJ999,기타,2010년 12월 24일 제정
UHK000,물류단지미분류,2010년 12월 24일 제정
UHK100,물류단지,2010년 12월 24일 제정
UHK999,물류단지기타,2010년 12월 24일 제정
UHL000,산업기술단지미분류,2010년 12월 24일 제정
UHL100,산업기술단지,2010년 12월 24일 제정
UHL999,산업기술단지기타,2010년 12월 24일 제정
UHZ000,공업기타용도지역지구미분류,2010년 12월 24일 제정
UHZ100,공업기타용도지역지구용도지역지구,2010년 12월 24일 제정
UHZ999,공업기타용도지역지구기타,2010년 12월 24일 제정
UIA000,도로용도구역미분류,2010년 12월 24일 제정
UIA100,도로구역,2010년 12월 24일 제정
UIA200,접도구역,2010년 12월 24일 제정
UIA300,입체적도로구역,2010년 12월 24일 제정
UIA400,도로보전입체구역,2010년 12월 24일 제정
UIA500,자동차전용도로구역,2010년 12월 24일 제정
UIA999,도로용도구역기타,2010년 12월 24일 제정
UIB000,고속국도법상의미분류,2010년 12월 24일 제정
UIB100,고속국도법상의접도구역,2010년 12월 24일 제정
UIB999,고속국도법상의기타,2010년 12월 24일 제정
UIC000,철도선로인접지역미분류,2010년 12월 24일 제정
UIC100,철도선로인접지역,2010년 12월 24일 제정
UIC999,철도선로인접지역기타,2010년 12월 24일 제정
UIE000,항만미분류,2010년 12월 24일 제정
UIE100,항만구역,2010년 12월 24일 제정
UIE200,연안항,2010년 12월 24일 제정
UIE300,무역항,2010년 12월 24일 제정
UIE400,지방항만,2010년 12월 24일 제정
UIE500,임항구역,2010년 12월 24일 제정
UIE510,임항지역,2010년 12월 24일 제정
UIE600,항만배후단지,2010년 12월 24일 제정
UIE999,항만기타,2010년 12월 24일 제정
UIF000,신항만미분류,2010년 12월 24일 제정
UIF100,신항만건설예정지역,2010년 12월 24일 제정
UIF999,신항만기타,2010년 12월 24일 제정
UIG000,공항구역미분류,2010년 12월 24일 제정
UIG100,공항구역,2010년 12월 24일 제정
UIG200,공항개발예정지역,2010년 12월 24일 제정
UIG300,공항소음피해지역,2010년 12월 24일 제정
UIG310,제1종구역,2010년 12월 24일 제정
UIG320,제2종구역,2010년 12월 24일 제정
UIG330,제3종구역,2010년 12월 24일 제정
UIG400,공항소음피해예상지역,2010년 12월 24일 제정
UIG410,가지구,2010년 12월 24일 제정
UIG420,나지구,2010년 12월 24일 제정
UIG430,다지구,2010년 12월 24일 제정
UIG500,항공표면,2010년 12월 24일 제정
UIG510,진입표면구역,2010년 12월 24일 제정
UIG520,수평표면구역,2010년 12월 24일 제정
UIG530,원추표면구역,2010년 12월 24일 제정
UIG540,전이표면구역,2010년 12월 24일 제정
UIG550,착륙복행표면구역,2010년 12월 24일 제정
UIG560,내부전이표면구역,2010년 12월 24일 제정
UIG570,내부진입표면구역,2010년 12월 24일 제정
UIG600,장애물제한표면구역,2010년 12월 24일 제정
UIG999,공항구역기타,2010년 12월 24일 제정
UIH000,수도권신공항건설예정지역미분류,2010년 12월 24일 제정
UIH100,수도권신공항건설예정지역,2010년 12월 24일 제정
UIH999,수도권신공항건설예정지역기타,2010년 12월 24일 제정
UII000,도시교통정비지역미분류,2010년 12월 24일 제정
UII100,도시교통정비지역,2010년 12월 24일 제정
UII999,도시교통정비지역기타,2010년 12월 24일 제정
UIJ000,주차장미분류,2010년 12월 24일 제정
UIJ100,노상주차장,2010년 12월 24일 제정
UIJ200,노외주차장,2010년 12월 24일 제정
UIJ300,부설주차장,2010년 12월 24일 제정
UIJ400,주차환경개선지구,2010년 12월 24일 제정
UIJ500,노외주차장설치제한지역,2010년 12월 24일 제정
UIJ999,주차장기타,2010년 12월 24일 제정
UIK000,철도안전용도지역미분류,2010년 12월 24일 제정
UIK100,철도보호지구,2010년 12월 24일 제정
UIK999,철도안전용도지역기타,2010년 12월 24일 제정
UIL000,마리나항만구역미분류,2010년 12월 24일 제∙개정
UIL100,미리나항만구역,2010년 12월 24일 제∙개정
UIL999,미리나항만구역기타,2010년 12월 24일 제∙개정
UIM000,복합환승센터미분류, 2018년 06월 27일 제∙개정 
UIM100,복합환승센터,2018년 06월 27일  제∙개정 
UIM200,국가기간복합환승센터, 2018년 06월 27일 제∙개정 
UIM300,광역복합환승센터, 2018년 06월 27일 제∙개정 
UIM500,일반복합환승센터, 2018년 06월 27일 제∙개정 
UIM999,복합환승센터기타, 2018년 06월 27일 제∙개정 
UIN000,소음대책지역미분류,2010년 12월 24일 제∙개정
UIN100,제1종 구역,2010년 12월 24일 제∙개정
UIN200,제2종 구역,2010년 12월 24일 제∙개정
UIN300,제3종 구역,2010년 12월 24일 제∙개정
UIN999,소음대책지역기타,2018년 06월 27일 제∙개정
UIZ000,교통기타용도지역지구미분류,2010년 12월 24일 제정
UIZ100,교통기타용도지역지구용도지역지구,2010년 12월 24일 제정
UIZ999,교통기타용도지역지구기타,2010년 12월 24일 제정
UJA000,댐건설예정지역미분류,2010년 12월 24일 제정
UJA100,댐건설예정지역,2010년 12월 24일 제정
UJA999,댐건설예정지역기타,2010년 12월 24일 제정
UJB000,하천미분류,2010년 12월 24일 제정
UJB100,하천구역,2010년 12월 24일 제정
UJB200,하천예정지,2010년 12월 24일 제정
UJB300,연안구역,2010년 12월 24일 제정
UJB400,홍수관리구역,2010년 12월 24일 제정
UJB999,하천기타,2010년 12월 24일 제정
UJC000,소하천미분류,2010년 12월 24일 제정
UJC100,소하천구역,2010년 12월 24일 제정
UJC200,소하천예정지,2010년 12월 24일 제정
UJC999,소하천기타,2010년 12월 24일 제정
UJD000,온천지구미분류,2010년 12월 24일 제정
UJD100,온천지구,2010년 12월 24일 제정
UJD200,온천공보호구역,2010년 12월 24일 제정
UJD300,온천원보호지구,2010년 12월 24일 제정
UJD999,온천지구기타,2010년 12월 24일 제정
UJE000,지하수보전구역미분류,2010년 12월 24일 제정
UJE100,지하수보전구역,2010년 12월 24일 제정
UJE999,지하수보전구역기타,2010년 12월 24일 제정
UJF000,공유수면미분류,2010년 12월 24일 제정
UJF100,공유수면,2010년 12월 24일 제정
UJF200,공유수면매립지,2010년 12월 24일 제∙개정
UJF999,공유수면기타,2010년 12월 24일 제정
UJG000,친수구역미분류,2010년 12월 24일 제∙개정
UJG100,친수구역,2010년 12월 24일 제∙개정
UJG999,친수구역기타,2015년 09월 15일 제∙개정
UJZ000,수자원기타용도지역지구미분류,2010년 12월 24일 제정
UJZ100,수자원기타용도지역지구용도지역지구,2010년 12월 24일 제정
UJZ999,수자원기타용도지역지구기타,2010년 12월 24일 제정
UKA000,전파방해방지구역미분류,2010년 12월 24일 제정
UKA100,전파방해방지구역,2010년 12월 24일 제정
UKA999,전파방해방지구역기타,2010년 12월 24일 제정
UKB000,무선방위측정장치보호구역미분류,2010년 12월 24일 제정
UKB100,무선방위측정장치보호구역,2010년 12월 24일 제정
UKB999,무선방위측정장비보호구역기타,2010년 12월 24일 제정
UKZ000,정통기타용도지역지구미분류,2010년 12월 24일 제정
UKZ100,정통기타용도지역지구용도지역지구,2010년 12월 24일 제정
UKZ999,정통기타용도지역지구기타,2010년 12월 24일 제정
ULA000,원자력제한구역미분류,2010년 12월 24일 제정
ULA100,제한구역,2010년 12월 24일 제정
ULA200,방사선관리구역,2010년 12월 24일 제정
ULA300,보전구역,2010년 12월 24일 제정
ULA999,원자력제한구역기타,2010년 12월 24일 제정
ULB000,전원개발미분류,2010년 12월 24일 제정
ULB100,전원개발사업구역,2010년 12월 24일 제정
ULB110,발전소(전원개발사업구역),2010년 12월 24일 제정
ULB120,변전소(전원개발사업구역),2010년 12월 24일 제정
ULB200,전원개발사업예정구역,2010년 12월 24일 제정
ULB999,전원개발기타,2010년 12월 24일 제정
ULC000,집단에너지공급대상지역미분류,2010년 12월 24일 제정
ULC100,집단에너지공급대상지역,2010년 12월 24일 제정
ULC999,집단에너지공급대상지역기타,2010년 12월 24일 제정
ULD000,광구미분류,2010년 12월 24일 제정
ULD100,광구,2010년 12월 24일 제정
ULD999,광구기타,2010년 12월 24일 제정
ULE000,탄좌미분류,2010년 12월 24일 제정
ULE100,탄좌,2010년 12월 24일 제정
ULE200,탄좌설정대상광구,2010년 12월 24일 제정
ULE999,탄좌기타,2010년 12월 24일 제정
ULF000,해저광물개발구역미분류,2010년 12월 24일 제정
ULF100,해저광물개발구역,2010년 12월 24일 제정
ULF999,해저광물개발구역기타,2010년 12월 24일 제정
ULZ000,에너지기타용도지역지구미분류,2010년 12월 24일 제정
ULZ100,에너지기타용도지역지구용도지역지구,2010년 12월 24일 제정
ULZ999,에너지기타용도지역지구기타,2010년 12월 24일 제정
UM1000,공장설립제한지역미분류,2008년 01월 08일 제∙개정
UM1100,공장설립제한지역,2008년 01월 08일 제∙개정
UM1999,공장설립제한지역기타,2008년 01월 08일 제∙개정
UM2000,공장설립승인지역미분류,2010년 12월 24일 제∙개정
UM2100,공장설립승인지역,2010년 12월 24일 제∙개정
UM2999,공장설립승인지역기타,2010년 12월 24일 제∙개정
UMA000,공원구역미분류,2010년 12월 24일 제정
UMA100,국립공원,2010년 12월 24일 제정
UMA200,도립공원,2010년 12월 24일 제정
UMA300,군립공원,2010년 12월 24일 제정
UMA400,공원보호구역,2010년 12월 24일 제정
UMA999,공원구역기타,2010년 12월 24일 제정
UMB000,자연공원용도지구미분류,2010년 12월 24일 제정
UMB100,공원자연보존지구,2010년 12월 24일 제정
UMB200,공원자연환경지구,2010년 12월 24일 제정
UMB310,공원자연마을지구,2010년 12월 24일 제정
UMB320,공원밀집마을지구,2010년 12월 24일 제정
UMB400,공원집단시설지구,2010년 12월 24일 제정
UMB500,공원문화유산지구,2010년 12월 24일 제∙개정
UMB999,자연공원용도지구기타,2010년 12월 24일 제정
UMC000,자연환경용도지역미분류,2010년 12월 24일 제정
UMC100,생태계보전지역,2010년 12월 24일 제정
UMC110,시도생태계보전지역,2010년 12월 24일 제정
UMC120,임시생태계보전지역,2010년 12월 24일 제정
UMC200,완충지역,2010년 12월 24일 제정
UMC300,자연유보지역,2010년 12월 24일 제정
UMC400,자연휴식지,2010년 12월 24일 제정
UMC500,생태·경관보전지역,2010년 12월 24일 제정
UMC510,생태·경관핵심보전구역,2010년 12월 24일 제정
UMC520,생태·경관완충보전구역,2010년 12월 24일 제정
UMC530,생태·경관전이보전지역,2010년 12월 24일 제정
UMC600,시·도 생태·경관보전지역,2010년 12월 24일 제정
UMC999,자연환경용도지역기타,2010년 12월 24일 제정
UMD000,자연환경용도구역미분류,2010년 12월 24일 제정
UMD400,자연생태계특별보호구역,2010년 12월 24일 제정
UMD500,해양생태계특별보호구역,2010년 12월 24일 제정
UMD999,자연환경용도구역기타,2010년 12월 24일 제정
UME000,대기환경규제지역미분류,2010년 12월 24일 제정
UME100,대기환경규제지역,2010년 12월 24일 제정
UME200,측정망설치구역,2010년 12월 24일 제정
UME300,총량규제지역,2010년 12월 24일 제정
UME999,대기환경규제지역기타,2010년 12월 24일 제정
UMF000,토양보전대책지역미분류,2010년 12월 24일 제정
UMF100,토양보전대책지역,2010년 12월 24일 제정
UMF999,토양보전대책지역기타,2010년 12월 24일 제정
UMG000,폐기물처리시설설치지역미분류,2010년 12월 24일 제정
UMG100,폐기물처리시설설치지역,2010년 12월 24일 제정
UMG200,폐기물처리시설입지,2010년 12월 24일 제정
UMG999,폐기물처리시설설치지역기타,2010년 12월 24일 제정
UMH000,소음진동규제지역미분류,2010년 12월 24일 제정
UMH100,건설소음진동규제지역,2010년 12월 24일 제정
UMH200,교통소음진동규제지역,2010년 12월 24일 제정
UMH300,생활소음진동규제지역,2010년 12월 24일 제정
UMH400,측정망설치구역,2010년 12월 24일 제정
UMH999,소음진동규제지역기타,2010년 12월 24일 제정
UMI000,상수원보호구역미분류,2010년 12월 24일 제정
UMI100,상수원보호구역,2010년 12월 24일 제정
UMI999,상수원보호기타,2010년 12월 24일 제정
UMJ000,환경정비구역미분류,2010년 12월 24일 제정
UMJ100,환경정비구역,2010년 12월 24일 제정
UMJ999,환경정비구역기타,2010년 12월 24일 제정
UMK000,(한강)수계수변구역미분류,2010년 12월 24일 제정
UMK100,(한강)수변구역,2010년 12월 24일 제정
UMK200,(한강)상수원보호구역,2010년 12월 24일 제정
UMK300,(한강)오염행위 제한지역,2010년 12월 24일 제정
UMK400,(한강)건축 등 허가제한지역,2010년 12월 24일 제정
UMK500,(한강)폐수배출시설 설치제한지역,2010년 12월 24일 제정
UMK600,(한강)폐기물매립시설 설치제한지역,2010년 12월 24일 제정
UMK999,(한강)수계수변구역기타,2010년 12월 24일 제정
UML000,하수용도구역미분류,2010년 12월 24일 제정
UML100,배수구역,2010년 12월 24일 제정
UML200,하수처리구역,2010년 12월 24일 제정
UML999,하수용도구역기타,2010년 12월 24일 제정
UMM000,수질보전특별대책지역미분류,2010년 12월 24일 제정
UMM100,특별대책지역,2010년 12월 24일 제정
UMM200,수질보전특별대책지역,2010년 12월 24일 제정
UMM999,수질보전특별대책지역기타,2010년 12월 24일 제정
UMN000,공공수역미분류,2010년 12월 24일 제정
UMN100,공공수역,2010년 12월 24일 제정
UMN200,배출시설설치제한지역,2010년 12월 24일 제정
UMN300,측정망설치구역,2010년 12월 24일 제정
UMN400,총량규제지역,2010년 12월 24일 제정
UMN500,수계영향권별환경관리지역,2010년 12월 24일 제정
UMN600,호수수질보전구역,2010년 12월 24일 제정
UMN700,낚시금지제한구역,2010년 12월 24일 제정
UMN999,공공수역기타,2010년 12월 24일 제정
UMO000,해양환경해역미분류,2010년 12월 24일 제정
UMO100,특별관리해역,2010년 12월 24일 제정
UMO200,환경보전해역,2010년 12월 24일 제정
UMO999,해양환경해역기타,2010년 12월 24일 제정
UMP000,재활용단지미분류,2010년 12월 24일 제정
UMP100,재활용단지,2010년 12월 24일 제정
UMP999,재활용단지기타,2010년 12월 24일 제정
UMQ000,습지보호지역미분류,2010년 12월 24일 제정
UMQ100,습지보호지역,2010년 12월 24일 제정
UMQ200,습지주변관리지역,2010년 12월 24일 제정
UMQ300,습지개선지역,2010년 12월 24일 제정
UMQ999,습지보호지역기타,2010년 12월 24일 제정
UMR000,특정도서미분류,2010년 12월 24일 제정
UMR100,특정도서,2010년 12월 24일 제정
UMR200,시·도특정도서,2010년 12월 24일 제정
UMR999,특정도서기타,2010년 12월 24일 제정
UMS000,야생동·식물보호구역미분류,2010년 12월 24일 제정
UMS100,야생동·식물특별보호구역,2010년 12월 24일 제정
UMS210,시·도야생동·식물보호구역,2010년 12월 24일 제정
UMS220,야생동·식물보호구역,2010년 12월 24일 제정
UMS999,야생동·식물보호구역기타,2010년 12월 24일 제정
UMT000,골재채취용도지역미분류,2010년 12월 24일 제정
UMT100,골재채취단지,2010년 12월 24일 제정
UMT200,골재채취금지구역,2010년 12월 24일 제정
UMT999,골재채취용도지역기타,2010년 12월 24일 제정
UMU000,(금강)수계수변구역미분류,2010년 12월 24일 제정
UMU100,(금강)수변구역,2010년 12월 24일 제정
UMU200,(금강)상수원보호구역,2010년 12월 24일 제정
UMU300,(금강)오염행위 제한지역,2010년 12월 24일 제정
UMU400,(금강)건축 등 허가제한지역,2010년 12월 24일 제정
UMU500,(금강)폐수배출시설 설치제한지역,2010년 12월 24일 제정
UMU600,(금강)폐기물매립시설 설치제한지역,2010년 12월 24일 제정
UMU999,(금강)수계수변구역기타,2010년 12월 24일 제정
UMV000,(낙동강)수계수변구역미분류,2010년 12월 24일 제정
UMV100,(낙동강)수변구역,2010년 12월 24일 제정
UMV200,(낙동강)상수원보호구역,2010년 12월 24일 제정
UMV300,(낙동강)오염행위 제한지역,2010년 12월 24일 제정
UMV400,(낙동강)건축 등 허가제한지역,2010년 12월 24일 제정
UMV500,(낙동강)폐수배출시설 설치제한지역,2010년 12월 24일 제정
UMV600,(낙동강)폐기물매립시설 설치제한지역,2010년 12월 24일 제정
UMV999,(낙동강)수계수변구역기타,2010년 12월 24일 제정
UMW000,(영산강·섬진강)수계수변구역미분류,2010년 12월 24일 제정
UMW100,(영산강·섬진강)수변구역,2010년 12월 24일 제정
UMW200,(영산강·섬진강)상수원보호구역,2010년 12월 24일 제정
UMW300,(영산강·섬진강)오염행위 제한지역,2010년 12월 24일 제정
UMW400,(영산강·섬진강)건축 등 허가제한지역,2010년 12월 24일 제정
UMW500,(영산강·섬진강)폐수배출시설 설치제한지역,2010년 12월 24일 제정
UMW600,(영산강·섬진강)폐기물매립시설 설치제한지역,2010년 12월 24일 제정
UMW999,(영산강·섬진강)수계수변구역기타,2010년 12월 24일 제정
UMX000,수도권대기환경개선대기관리권역미분류,2010년 12월 24일 제정
UMX100,대기관리권역,2010년 12월 24일 제정
UMX999,수도권대기환경개선대기관리권역기타,2010년 12월 24일 제정
UMY000,미분류,2010년 12월 24일 제정
UMY100,해양보호구역,2010년 12월 24일 제정
UMY110,해양생물보호구역,2010년 12월 24일 제정
UMY120,해양생태계보호구역,2010년 12월 24일 제정
UMY130,해양경관보호구역,2010년 12월 24일 제정
UMY200,긴급해양보호구역,2010년 12월 24일 제∙개정
UMY300,시·도해양보호구역,2010년 12월 24일 제정
UMY310,시·도해양생물보호구역,2010년 12월 24일 제정
UMY320,시·도해양생태계보호구역,2010년 12월 24일 제정
UMY330,시·도해양경관보호구역,2010년 12월 24일 제정
UMY999,기타,2010년 12월 24일 제정
UMZ000,가축사육제한구역미분류,2010년 12월 24일 제정
UMZ100,가축사육제한구역,2010년 12월 24일 제정
UMZ999,가축사육제한구역기타,2010년 12월 24일 제정
UND000,군용전기통신미분류,2010년 12월 24일 제정
UND200,수저통신선로보호구역,2010년 12월 24일 제정
UND999,군용전기통신기타,2010년 12월 24일 제정
UNE000,군사기지 및 군사시설미분류,2010년 12월 24일 제정
UNE100,군사기지 및 군사시설 보호구역,2010년 12월 24일 제정
UNE110,통제보호구역,2010년 12월 24일 제정
UNE111,통제보호구역(민통선이북 : 10km),2010년 12월 24일 제정
UNE112,통제보호구역(민통선이남 : 300m),2010년 12월 24일 제정
UNE113,통제보호구역(방공기지 : 500m),2010년 12월 24일 제정
UNE114,통제보호구역(해군기지),2010년 12월 24일 제정
UNE120,제한보호구역,2010년 12월 24일 제정
UNE121,제한보호구역(전방지역 : 25km),2010년 12월 24일 제정
UNE122,제한보호구역(후방지역 : 500m),2010년 12월 24일 제정
UNE123,제한보호구역(폭발물관련 : 1km),2010년 12월 24일 제정
UNE124,제한보호구역(전술항공 : 5km),2010년 12월 24일 제정
UNE125,제한보호구역(지원/헬기 : 2km),2010년 12월 24일 제정
UNE126,제한보호구역(전기통신 : 2km),2010년 12월 24일 제정
UNE127,제한보호구역(해군기지),2010년 12월 24일 제정
UNE128,제한보호구역(수역),2010년 12월 24일 제정
UNE129,제한보호구역(방공기지 : 1km),2008년 11월 13일  제∙개정 
UNE200,대공방어협조구역,2010년 12월 24일 제정
UNE201,대공방어협조구역(위탁고도 : 54-236m),2010년 12월 24일 제정
UNE300,민간인통제선,2010년 12월 24일 제정
UNE400,비행안전구역,2010년 12월 24일 제정
UNE410,전술항공작전기지,2010년 12월 24일 제정
UNE411,비행안전제1구역(전술),2010년 12월 24일 제정
UNE412,비행안전제2구역(전술),2010년 12월 24일 제정
UNE413,비행안전제3구역(전술),2010년 12월 24일 제정
UNE414,비행안전제4구역(전술),2010년 12월 24일 제정
UNE415,비행안전제5구역(전술),2010년 12월 24일 제정
UNE416,비행안전제6구역(전술),2010년 12월 24일 제정
UNE420,지원항공작전기지,2010년 12월 24일 제정
UNE421,비행안전제1구역(지원),2010년 12월 24일 제정
UNE422,비행안전제2구역(지원),2010년 12월 24일 제정
UNE423,비행안전제3구역(지원),2010년 12월 24일 제정
UNE424,비행안전제4구역(지원),2010년 12월 24일 제정
UNE425,비행안전제5구역(지원),2010년 12월 24일 제정
UNE430,헬기전용작전기지,2010년 12월 24일 제정
UNE431,비행안전제1구역(헬기),2010년 12월 24일 제정
UNE432,비행안전제2구역(헬기),2010년 12월 24일 제정
UNE433,비행안전제3구역(헬기),2010년 12월 24일 제정
UNE440,비상활주로,2010년 12월 24일 제정
UNE441,비행안전제1구역(비상),2010년 12월 24일 제정
UNE442,비행안전제2구역(비상),2010년 12월 24일 제정
UNE443,비행안전제3구역(비상),2010년 12월 24일 제정
UNE999,군사기지 및 군사시설기타,2010년 12월 24일 제정
UNZ000,군사기타용도지역지구미분류,2010년 12월 24일 제정
UNZ100,군사기타용도지역지구용도지역지구,2010년 12월 24일 제정
UNZ999,군사기타용도지역지구기타,2010년 12월 24일 제정
UOA000,교육환경보호구역미분류,2017년 03월 17일 명칭변경(2010년 12월 24일 제정)
UOA100,교육환경보호구역,2017년 03월 17일 명칭변경(2010년 12월 24일 제정)
UOA110,절대보호구역,2017년 03월 17일 명칭변경(2010년 12월 24일 제정)
UOA120,상대보호구역,2017년 03월 17일 명칭변경(2010년 12월 24일 제정)
UOA999,교육환경보호구역기타,2017년 03월 17일 명칭변경(2010년 12월 24일 제정)
UOB000,청소년수련지구미분류,2010년 12월 24일 제정
UOB100,청소년수련지구,2010년 12월 24일 제정
UOB999,청소년수련지구기타,2010년 12월 24일 제정
UOC000,보호구역미분류,2010년 12월 24일 제정
UOC100,문화재보호구역,2010년 12월 24일 제정
UOC200,문화재,2010년 12월 24일 제정
UOC300,현상변경허가 대상구역,2015년 05월 03일 제∙개정
UOC400,등록문화재구역,2010년 12월 24일 제정
UOC500,지정문화재구역,2010년 12월 24일 제정
UOC510,국가지정문화재구역,2010년 12월 24일 제정
UOC520,시도지정문화재구역,2010년 12월 24일 제정
UOC530,문화재자료구역,2010년 12월 24일 제정
UOC600,가지정문화재구역,2010년 12월 24일 제정
UOC700,조례로정한지역,2010년 12월 24일 제정
UOC800,역사문화환경보존지역,2010년 07월 01일 제∙개정
UOC999,보호구역기타,2010년 12월 24일 제정
UOD000,전통건조물보존미분류,2010년 12월 24일 제정
UOD100,전통건조물보존지구,2010년 12월 24일 제정
UOD200,보존대상전통건조물보호구역,2010년 12월 24일 제정
UOD999,전통건조물보존기타,2010년 12월 24일 제정
UOE000,전통사찰보존미분류,2010년 12월 24일 제정
UOE100,경내지,2010년 12월 24일 제정
UOE200,전통사찰보존구역,2010년 12월 24일 제정
UOE300,전통사찰역사문화보존구역,2010년 12월 24일 제정
UOE999,전통사찰보존기타,2010년 12월 24일 제정
UOF000,관광지미분류,2010년 12월 24일 제정
UOF100,관광지,2010년 12월 24일 제정
UOF200,관광단지,2010년 12월 24일 제정
UOF300,관광특구,2010년 12월 24일 제정
UOF999,관광지기타,2010년 12월 24일 제정
UOG000,고도보존용도지구미분류,2010년 12월 24일 제정
UOG100,특별보존지구,2010년 12월 24일 제정
UOG200,역사문화환경지구,2010년 12월 24일 제정
UOG999,고도보존용도지구기타,2010년 12월 24일 제정
UOH000,문화예술진흥용도지구미분류,2010년 12월 24일 제정
UOH100,문화지구,2010년 12월 24일 제정
UOH999,문화예술진흥용도지구기타,2010년 12월 24일 제정
UOI000,청소년활동진흥용도지구미분류,2010년 12월 24일 제정
UOI100,청소년수련지구,2010년 12월 24일 제정
UOI999,청소년활동진흥용도지구기타,2010년 12월 24일 제정
UOJ000,묘지등설치제한지역미분류,2010년 12월 24일 제정
UOJ100,묘지등설치제한지역,2010년 12월 24일 제정
UOJ999,묘지등설치제한지역기타,2010년 12월 24일 제정
UOK000,문화산업단지미분류,2010년 12월 24일 제정
UOK100,문화산업단지,2010년 12월 24일 제정
UOK999,문화산업단지기타,2010년 12월 24일 제정
UOZ000,교육문화기타용도지역지구미분류,2010년 12월 24일 제정
UOZ100,교육문화기타용도지역지구용도지역지구,2010년 12월 24일 제정
UOZ999,교육문화기타용도지역지구기타,2010년 12월 24일 제정
UPA000,화재경계지구미분류,2010년 12월 24일 제정
UPA100,화재경계지구,2010년 12월 24일 제정
UPA999,화재경계지구기타,2010년 12월 24일 제정
UPB000,재해위험지구미분류,2010년 12월 24일 제정
UPB100,재해위험지구,2010년 12월 24일 제정
UPB200,자연재해위험지구,2010년 12월 24일 제정
UPB210,침수위험지구,2010년 12월 24일 제∙개정
UPB220,유실위험지구,2010년 12월 24일 제∙개정
UPB230,고립위험지구,2010년 12월 24일 제∙개정
UPB250,해일위험지구,2011년 09월 11일 제∙개정
UPB260,취약방재시설지구,2011년 09월 11일 제∙개정
UPB999,재해위험지구기타,2010년 12월 24일 제정
UPD000,재난안전관리위험지역미분류,2010년 12월 24일 제정
UPD100,위험지역,2010년 12월 24일 제정
UPD999,재난안전관리위험지역기타,2010년 12월 24일 제정
UPE000,붕괴위험지역미분류,2010년 12월 24일 제정
UPE100,붕괴위험지역,2010년 12월 24일 제정
UPE999,붕괴위험지역기타,2010년 12월 24일 제정
UPF000,재해위험 개선사업지구미분류,2010년 12월 24일 제정
UPF100,재해위험 개선사업지구,2010년 12월 24일 제정
UPF999,재해위험 개선사업지구기타,2010년 12월 24일 제정
UPG000,위험저수지·댐 정비지구미분류,2010년 12월 24일 제정
UPG100,위험저수지·댐 정비지구,2010년 12월 24일 제정
UPG999,위험저수지·댐 정비지구기타,2010년 12월 24일 제정
UPZ000,재해재난기타용도지역지구미분류,2010년 12월 24일 제정
UPZ100,재해재난기타용도지역지구용도지역지구,2010년 12월 24일 제정
UPZ999,재해재난기타용도지역지구기타,2010년 12월 24일 제정
UQA000,도시지역미분류,2010년 12월 24일 제정
UQA001,도시지역,2010년 12월 24일 제정
UQA002,도시관리계획 입안중,2010년 11월 10일 제∙개정
UQA100,주거지역,2010년 12월 24일 제정
UQA110,전용주거지역,2010년 12월 24일 제정
UQA111,제1종전용주거지역,2010년 12월 24일 제정
UQA112,제2종전용주거지역,2010년 12월 24일 제정
UQA120,일반주거지역,2010년 12월 24일 제정
UQA121,제1종일반주거지역,2010년 12월 24일 제정
UQA122,제2종일반주거지역,2010년 12월 24일 제정
UQA123,제3종일반주거지역,2010년 12월 24일 제정
UQA130,준주거지역,2010년 12월 24일 제정
UQA200,상업지역,2010년 12월 24일 제정
UQA210,중심상업지역,2010년 12월 24일 제정
UQA220,일반상업지역,2010년 12월 24일 제정
UQA230,근린상업지역,2010년 12월 24일 제정
UQA240,유통상업지역,2010년 12월 24일 제정
UQA300,공업지역,2010년 12월 24일 제정
UQA310,전용공업지역,2010년 12월 24일 제정
UQA320,일반공업지역,2010년 12월 24일 제정
UQA330,준공업지역,2010년 12월 24일 제정
UQA400,녹지지역,2010년 12월 24일 제정
UQA410,보전녹지지역,2010년 12월 24일 제정
UQA420,생산녹지지역,2010년 12월 24일 제정
UQA430,자연녹지지역,2010년 12월 24일 제정
UQA500,도시지역미지정,2010년 12월 24일 제정
UQA999,도시지역기타,2010년 12월 24일 제정
UQB000,관리지역미분류,2010년 12월 24일 제정
UQB001,관리지역,2010년 12월 24일 제정
UQB100,계획관리지역,2010년 12월 24일 제정
UQB200,생산관리지역,2010년 12월 24일 제정
UQB300,보전관리지역,2010년 12월 24일 제정
UQB999,관리지역기타,2010년 12월 24일 제정
UQC000,농림지역미분류,2010년 12월 24일 제정
UQC001,농림지역,2010년 12월 24일 제정
UQC999,농림지역기타,2010년 12월 24일 제정
UQD000,자연환경보전지역미분류,2010년 12월 24일 제정
UQD001,자연환경보전지역,2010년 12월 24일 제정
UQD999,자연환경보전지역기타,2010년 12월 24일 제정
UQE000,국토이용용도지역미분류,2010년 12월 24일 제정
UQE999,국토이용용도지역기타,2010년 12월 24일 제정
UQF000,경관지구미분류,2010년 12월 24일 제정
UQF100,경관지구,2010년 12월 24일 제정
UQF110,자연경관지구,2010년 12월 24일 제정
UQF120,특화경관지구,2018년 04월 18일 제∙개정(수변경관지구-&#38;gt;특화경관지구)
UQF130,시가지경관지구,2010년 12월 24일 제정
UQF131,시가지경관지구(중심),2018년 04월 18일 제∙개정
UQF132,시가지경관지구(일반),2018년 04월 18일 제∙개정
UQF999,경관지구기타,2010년 12월 24일 제정
UQG000,미관지구미분류,2010년 12월 24일 제정
UQG100,미관지구,2010년 12월 24일 제정
UQG110,중심지미관지구, 2018년 04월 18일 제∙개정(제개정일로부터 1년 유예)
UQG120,역사문화미관지구,2018년 04월 18일 제∙개정(제개정일로부터 1년 유예) 
UQG130,일반미관지구,2018년 04월 18일 제∙개정(제개정일로부터 1년 유예) 
UQG999,미관지구기타,2010년 12월 24일 제정
UQH000,고도지구미분류,2010년 12월 24일 제정
UQH100,고도지구,2010년 12월 24일 제정
UQH110,최고고도지구,2018년 04월 18일 제∙개정(고도지구 통합)
UQH120,최저고도지구,2018년 04월 18일 제∙개정
UQH999,고도지구기타,2010년 12월 24일 제정
UQI000,방화지구미분류,2010년 12월 24일 제정
UQI100,방화지구,2010년 12월 24일 제정
UQI999,방화지구기타,2010년 12월 24일 제정
UQJ000,방재지구미분류,2010년 12월 24일 제정
UQJ100,방재지구,2010년 12월 24일 제정
UQJ200,시가지방재지구,2018년 06월 18일 제∙개정
UQJ300,자연방재지구,2018년 06월 18일 제∙개정
UQJ999,방재지구기타,2010년 12월 24일 제정
UQK000,보존지구미분류,2010년 12월 24일 제정
UQK100,보존지구,2010년 12월 24일 제정
UQK110,역사문화환경보호지구,2018년 04월 18일 제∙개정(문화자원보존지구-&#38;gt;역사문화환경보호지구)
UQK120,중요시설물보존지구,2018년 04월 18일 제∙개정(중요시설물보존지구-&#38;gt;중요시설물보호지구)
UQK121,중요시설물보호지구(공항),2018년 04월 18일 제∙개정
UQK122,중요시설물보호지구(항만),2018년 04월 18일 제∙개정
UQK123,중요시설물보호지구(공용),2018년 04월 18일 제∙개정
UQK130,생태계보호지구,2018년 04월 18일 제∙개정(생태계보존지구-&#38;gt;생태계보호지구)
UQK999,보존지구기타,2010년 12월 24일 제정
UQL000,시설보호지구미분류,2010년 12월 24일 제정
UQL100,시설보호지구,2010년 12월 24일 제정
UQL110,공항시설보호지구,2018년 04월 18일 제∙개정 - 중요시설물보호지구(공항) 변경
UQL120,학교시설보호지구,2018년 04월 18일 제∙개정 - 특정용도제한지구 변경
UQL130,공용시설보호지구,2018년 04월 18일 제∙개정 - 중요시설물보호지구(공용) 변경
UQL140,항만시설보호지구,2018년 04월 18일 제∙개정 - 중요시설물보호지구(항만) 변경
UQL999,시설보호지구기타,2010년 12월 24일 제정
UQM000,용도지구취락미분류,2010년 12월 24일 제정
UQM100,용도지구취락지구,2010년 12월 24일 제정
UQM110,자연취락지구,2010년 12월 24일 제정
UQM120,집단취락지구,2010년 12월 24일 제정
UQM999,용도지구취락기타,2010년 12월 24일 제정
UQN000,개발진흥미분류,2010년 12월 24일 제정
UQN100,개발진흥지구,2010년 12월 24일 제정
UQN110,주거개발진흥지구,2010년 12월 24일 제정
UQN120,산업개발진흥지구,2010년 12월 24일 제정
UQN130,유통개발진흥지구,2010년 12월 24일 제정
UQN140,관광ㆍ휴양개발진흥지구,2010년 12월 24일 제정
UQN150,복합개발진흥지구,2010년 12월 24일 제정
UQN160,특정개발진흥지구,2010년 12월 24일 제정
UQN170,산업ㆍ유통개발진흥지구,2010년 12월 24일 제∙개정
UQN999,개발진흥기타,2010년 12월 24일 제정
UQO000,특정용도미분류,2010년 12월 24일 제정
UQO100,특정용도제한지구,2010년 12월 24일 제정
UQO999,특정용도기타,2010년 12월 24일 제정
UQP000,국토이용용도지구미분류,2010년 12월 24일 제정
UQP100,국토이용기타용도지구,2010년 12월 24일 제정
UQP120,위락지구,2010년 12월 24일 제정
UQP130,리모델링지구,2010년 12월 24일 제정
UQP500,복합용도지구미분류,2018년 04월 18일 제∙개정
UQP501,복합용도지구,2018년 04월 18일 제∙개정
UQP599,복합용도지구기타,2018년 04월 18일 제∙개정
UQP999,국토이용용도지구기타,2010년 12월 24일 제정
UQQ000,용도구역미분류,2010년 12월 24일 제정
UQQ100,도시계획구역,2010년 12월 24일 제정
UQQ200,시가화조정구역,2010년 12월 24일 제정
UQQ300,지구단위계획구역,2010년 12월 24일 제정
UQQ310,제1종지구단위계획구역,2010년 12월 24일 제정
UQQ320,제2종지구단위계획구역,2010년 12월 24일 제정
UQQ321,주거용지,2010년 12월 24일 제정
UQQ322,상업용지,2010년 12월 24일 제정
UQQ323,공업용지,2010년 12월 24일 제정
UQQ324,녹지용지,2010년 12월 24일 제정
UQQ325,공공시설용지,2010년 12월 24일 제정
UQQ329,기타용지,2010년 12월 24일 제정
UQQ400,광역계획구역,2010년 12월 24일 제정
UQQ500,수산자원보호구역,2010년 12월 24일 제정
UQQ600,토지거래계약에관한허가구역,2010년 12월 24일 제정
UQQ700,개발밀도관리구역,2010년 12월 24일 제정
UQQ800,기반시설부담구역,2018년 06월 27일 제∙개정
UQQ810,도시자연공원구역,2018년 06월 16일 제∙개정
UQQ900,개발행위허가제한지역,2010년 12월 24일 제정
UQQ901,입지규제최소구역,2010년 12월 24일 제∙개정
UQQ902,성장관리방안 수립지역,2018년 06월 18일 제∙개정
UQQ999,용도구역기타,2010년 12월 24일 제정
UQR000,사업지역미분류,2010년 12월 24일 제정
UQR100,일단의주택단지조성사업지역,2010년 12월 24일 제정
UQR200,시가지조성사업지역,2010년 12월 24일 제정
UQR300,일단의공업용지조성사업지역,2010년 12월 24일 제정
UQR400,도시계획시설의 부지,2010년 12월 24일 제정
UQR999,사업지역기타,2010년 12월 24일 제정
UQS000,교통운수시설미분류,2010년 12월 24일 제정
UQS100,도로,2010년 12월 24일 제정
UQS101,일반도로,2010년 12월 24일 제정
UQS102,자동차전용도로,2010년 12월 24일 제정
UQS103,보행자전용도로,2010년 12월 24일 제정
UQS104,자전거전용도로,2010년 12월 24일 제정
UQS105,고가도로,2010년 12월 24일 제정
UQS106,지하도로,2010년 12월 24일 제정
UQS111,광로1류,2010년 12월 24일 제정
UQS112,광로2류,2010년 12월 24일 제정
UQS113,광로3류,2010년 12월 24일 제정
UQS114,대로1류,2010년 12월 24일 제정
UQS115,대로2류,2010년 12월 24일 제정
UQS116,대로3류,2010년 12월 24일 제정
UQS117,중로1류,2010년 12월 24일 제정
UQS118,중로2류,2010년 12월 24일 제정
UQS119,중로3류,2010년 12월 24일 제정
UQS120,소로1류,2010년 12월 24일 제정
UQS121,소로2류,2010년 12월 24일 제정
UQS122,소로3류,2010년 12월 24일 제정
UQS131,주간선도로,2010년 12월 24일 제정
UQS132,보조간선도로,2010년 12월 24일 제정
UQS133,집산도로,2010년 12월 24일 제정
UQS134,국지도로,2010년 12월 24일 제정
UQS141,도시고속도로,2010년 12월 24일 제정
UQS142,특수도로(보행자전용도로),2010년 12월 24일 제정
UQS143,특수도로(자전거전용도로),2010년 12월 24일 제정
UQS190,기타도로시설,2010년 12월 24일 제정
UQS200,주차장,2010년 12월 24일 제정
UQS210,노외주차장,2010년 12월 24일 제정
UQS290,기타주차장시설,2010년 12월 24일 제정
UQS300,자동차정류장,2010년 12월 24일 제정
UQS310,여객자동차터미널,2010년 12월 24일 제정
UQS320,화물터미널,2010년 12월 24일 제정
UQS330,공영차고지,2010년 12월 24일 제정
UQS390,기타자동차정류장,2010년 12월 24일 제정
UQS400,자동차및건설기계검사시설,2010년 12월 24일 제정
UQS410,자동차검사시설,2010년 12월 24일 제정
UQS420,건설기계검사소,2010년 12월 24일 제정
UQS490,기타자동차및건설기계검사소,2010년 12월 24일 제정
UQS500,철도,2010년 12월 24일 제정
UQS510,일반철도,2010년 12월 24일 제정
UQS520,도시철도,2010년 12월 24일 제정
UQS530,고속철도,2010년 12월 24일 제정
UQS540,국유철도사업시설,2010년 12월 24일 제정
UQS549,기타철도시설,2010년 12월 24일 제정
UQS550,궤도,2010년 12월 24일 제정
UQS559,기타궤도시설,2010년 12월 24일 제정
UQS560,삭도,2010년 12월 24일 제정
UQS569,기타삭도시설,2010년 12월 24일 제정
UQS600,운하,2010년 12월 24일 제정
UQS610,기타운하시설,2010년 12월 24일 제정
UQS700,항만,2010년 12월 24일 제정
UQS710,항만시설,2010년 12월 24일 제정
UQS720,어항시설,2010년 12월 24일 제정
UQS790,기타항만시설,2010년 12월 24일 제정
UQS800,공항,2010년 12월 24일 제정
UQS810,공항시설,2010년 12월 24일 제정
UQS890,기타공항시설,2010년 12월 24일 제정
UQS900,자동차및건설기계운전학원,2010년 12월 24일 제정
UQS910,자동차운전학원,2010년 12월 24일 제정
UQS920,건설기계운전학원,2010년 12월 24일 제정
UQS990,기타자동차및건설기계운전학원,2010년 12월 24일 제정
UQS999,기타교통시설,2010년 12월 24일 제정
UQT000,공간시설미분류,2010년 12월 24일 제정
UQT100,광장,2010년 12월 24일 제정
UQT110,교통광장,2010년 12월 24일 제정
UQT111,교차점광장,2010년 12월 24일 제정
UQT112,역전광장,2010년 12월 24일 제정
UQT113,주요시설광장,2010년 12월 24일 제정
UQT120,일반광장,2010년 12월 24일 제정
UQT121,중심대광장,2010년 12월 24일 제정
UQT122,근린광장,2010년 12월 24일 제정
UQT130,경관광장,2010년 12월 24일 제정
UQT140,지하광장,2010년 12월 24일 제정
UQT150,건축물부설광장,2010년 12월 24일 제정
UQT190,기타광장시설,2010년 12월 24일 제정
UQT200,공원,2010년 12월 24일 제정
UQT210,어린이공원,2010년 12월 24일 제정
UQT220,근린공원,2010년 12월 24일 제정
UQT221,문화공원,2010년 12월 24일 제∙개정
UQT230,도시자연공원,2010년 12월 24일 제정
UQT240,묘지공원,2010년 12월 24일 제정
UQT250,체육공원,2010년 12월 24일 제정
UQT260,소공원,2010년 12월 24일 제∙개정
UQT290,기타공원시설,2010년 12월 24일 제정
UQT300,녹지,2010년 12월 24일 제정
UQT310,완충녹지,2010년 12월 24일 제정
UQT320,경관녹지,2010년 12월 24일 제정
UQT330,연결녹지,2010년 12월 24일 제∙개정
UQT390,기타녹지시설,2010년 12월 24일 제정
UQT400,유원지,2010년 12월 24일 제정
UQT490,기타유원지시설,2010년 12월 24일 제정
UQT500,공공공지,2010년 12월 24일 제정
UQT590,기타공공공지시설,2010년 12월 24일 제정
UQT600,도시자연공원구역,2010년 12월 24일 제정
UQT999,기타도시공간시설,2010년 12월 24일 제정
UQU000,유통및공급시설미분류,2010년 12월 24일 제정
UQU100,시장,2010년 12월 24일 제정
UQU110,대규모점포및정기시장,2010년 12월 24일 제정
UQU120,농수산물도매시장,2010년 12월 24일 제정
UQU130,농수산물공판장및농수산물종합유통센터,2010년 12월 24일 제정
UQU140,가축시장,2010년 12월 24일 제정
UQU199,기타시장시설,2010년 12월 24일 제정
UQU200,유통업무설비,2010년 12월 24일 제정
UQU210,유통단지,2010년 12월 24일 제정
UQU290,기타유통업무설비,2010년 12월 24일 제정
UQU300,수도공급시설,2010년 12월 24일 제정
UQU310,취수시설,2010년 12월 24일 제정
UQU320,저수시설,2010년 12월 24일 제정
UQU330,정수시설,2010년 12월 24일 제정
UQU340,배수시설,2010년 12월 24일 제정
UQU350,전용관로상의도수시설및송수시설,2010년 12월 24일 제정
UQU390,기타수도시설,2010년 12월 24일 제정
UQU400,공동구,2010년 12월 24일 제정
UQU490,기타공동구시설,2010년 12월 24일 제정
UQU500,전기공급설비,2010년 12월 24일 제정
UQU510,발전시설,2010년 12월 24일 제정
UQU520,변전시설,2010년 12월 24일 제정
UQU530,고압선,2010년 12월 24일 제정
UQU540,배전사업소,2010년 12월 24일 제정
UQU590,기타전기공급설비,2010년 12월 24일 제정
UQU600,가스공급설비,2010년 12월 24일 제정
UQU610,고압가스저장소,2010년 12월 24일 제정
UQU620,액화석유가스충전시설,2010년 12월 24일 제정
UQU630,가스공급시설,2010년 12월 24일 제정
UQU690,기타가스공급설비,2010년 12월 24일 제정
UQU700,열공급설비,2010년 12월 24일 제정
UQU710,열원시설,2010년 12월 24일 제정
UQU720,열수송시설,2010년 12월 24일 제정
UQU790,기타열공급설비,2010년 12월 24일 제정
UQU800,유류저장및송유설비,2010년 12월 24일 제정
UQU810,석유비축저장시설,2010년 12월 24일 제정
UQU820,송유관,2010년 12월 24일 제정
UQU830,유류저장시설,2010년 12월 24일 제정
UQU840,송유시설,2010년 12월 24일 제정
UQU890,기타유류저장및송유설비,2010년 12월 24일 제정
UQU900,방송통신시설,2010년 12월 24일 제정
UQU910,무선설비,2010년 12월 24일 제정
UQU920,사업용전기통신설비,2010년 12월 24일 제정
UQU930,유선방송국설비,2010년 12월 24일 제정
UQU990,기타방송통신시설,2010년 12월 24일 제정
UQU999,기타유통및공급시설,2010년 12월 24일 제정
UQV000,공공문화체육시설미분류,2010년 12월 24일 제정
UQV100,운동장,2010년 12월 24일 제정
UQV110,종합운동장,2010년 12월 24일 제정
UQV190,기타운동장시설,2010년 12월 24일 제정
UQV200,공공청사,2010년 12월 24일 제정
UQV210,청사,2010년 12월 24일 제정
UQV220,공관,2010년 12월 24일 제정
UQV230,교정시설,2010년 12월 24일 제정
UQV231,교도소,2010년 12월 24일 제정
UQV232,구치소,2010년 12월 24일 제정
UQV233,소년원,2010년 12월 24일 제정
UQV234,소년분류심사원,2010년 12월 24일 제정
UQV290,기타공공청사시설,2010년 12월 24일 제정
UQV300,학교,2010년 12월 24일 제정
UQV310,유치원,2010년 12월 24일 제정
UQV320,초등학교,2010년 12월 24일 제정
UQV330,중학교,2010년 12월 24일 제정
UQV340,고등학교,2010년 12월 24일 제정
UQV350,대학,2010년 12월 24일 제정
UQV390,기타학교시설,2010년 12월 24일 제정
UQV400,도서관,2010년 12월 24일 제정
UQV410,공공도서관,2010년 12월 24일 제정
UQV420,전문도서관,2010년 12월 24일 제정
UQV430,특수도서관,2010년 12월 24일 제정
UQV490,기타도서관시설,2010년 12월 24일 제정
UQV500,연구시설,2010년 12월 24일 제정
UQV590,기타연구시설,2010년 12월 24일 제정
UQV600,문화시설,2010년 12월 24일 제정
UQV610,공연장,2010년 12월 24일 제정
UQV620,박물관,2010년 12월 24일 제정
UQV630,미술관,2010년 12월 24일 제정
UQV640,문화산업진흥시설,2010년 12월 24일 제정
UQV650,문화산업단지,2010년 12월 24일 제정
UQV660,과학관,2010년 12월 24일 제정
UQV690,기타문화시설,2010년 12월 24일 제정
UQV700,사회복지시설,2010년 12월 24일 제정
UQV709,기타사회복지시설,2010년 12월 24일 제정
UQV750,공공직업훈련시설,2010년 12월 24일 제정
UQV759,기타공공직업훈련시설,2010년 12월 24일 제정
UQV800,체육시설,2010년 12월 24일 제정
UQV810,공공체육시설,2010년 12월 24일 제정
UQV820,골프장,2010년 12월 24일 제정
UQV830,스키장,2010년 12월 24일 제정
UQV890,기타체육시설,2010년 12월 24일 제정
UQV910,청소년수련시설,2010년 12월 24일 제정
UQV990,기타청소년수련시설,2010년 12월 24일 제정
UQV999,기타공공문화복지시설,2010년 12월 24일 제정
UQW000,방재시설미분류,2010년 12월 24일 제정
UQW100,하천,2010년 12월 24일 제정
UQW110,국가하천,2010년 12월 24일 제정
UQW120,지방1급하천,2010년 12월 24일 제정
UQW130,지방2급하천,2010년 12월 24일 제정
UQW140,소하천,2010년 12월 24일 제정
UQW190,기타하천시설,2010년 12월 24일 제정
UQW200,저수지,2010년 12월 24일 제정
UQW210,댐,2010년 12월 24일 제정
UQW220,제방,2010년 12월 24일 제정
UQW290,기타저수지시설,2010년 12월 24일 제정
UQW300,방풍설비,2010년 12월 24일 제정
UQW310,방풍림시설,2010년 12월 24일 제정
UQW320,방풍담장시설,2010년 12월 24일 제정
UQW330,방풍망시설,2010년 12월 24일 제정
UQW390,기타방풍설비,2010년 12월 24일 제정
UQW400,방수설비,2010년 12월 24일 제정
UQW410,배수시설,2010년 12월 24일 제정
UQW420,방수시설,2010년 12월 24일 제정
UQW490,기타방수설비,2010년 12월 24일 제정
UQW500,방화설비,2010년 12월 24일 제정
UQW510,소방용수시설,2010년 12월 24일 제정
UQW590,기타방화설비,2010년 12월 24일 제정
UQW600,사방설비,2010년 12월 24일 제정
UQW610,사방시설,2010년 12월 24일 제정
UQW690,기타사방설비,2010년 12월 24일 제정
UQW700,방조설비,2010년 12월 24일 제정
UQW710,방조제,2010년 12월 24일 제정
UQW790,기타방조설비,2010년 12월 24일 제정
UQW800,유수지,2010년 12월 24일 제정
UQW810,유수시설,2010년 12월 24일 제정
UQW820,저류시설,2010년 12월 24일 제정
UQW890,기타유수지시설,2010년 12월 24일 제정
UQW999,기타도시방재시설,2010년 12월 24일 제정
UQX000,보건위생시설미분류,2010년 12월 24일 제정
UQX100,도축장,2010년 12월 24일 제정
UQX190,기타도축장시설,2010년 12월 24일 제정
UQX200,공동묘지,2010년 12월 24일 제정
UQX210,공설묘지,2010년 12월 24일 제정
UQX220,사설묘지,2010년 12월 24일 제정
UQX290,기타공동묘지시설,2010년 12월 24일 제정
UQX300,화장장,2010년 12월 24일 제정
UQX310,공설화장장,2010년 12월 24일 제정
UQX320,사설화장장,2010년 12월 24일 제정
UQX390,기타화장장시설,2010년 12월 24일 제정
UQX400,장례식장,2010년 12월 24일 제정
UQX490,기타장례식장시설,2010년 12월 24일 제정
UQX500,종합의료시설,2010년 12월 24일 제정
UQX510,종합병원,2010년 12월 24일 제정
UQX590,기타종합의료시설,2010년 12월 24일 제정
UQX600,납골시설,2010년 12월 24일 제정
UQX610,공공납골시설,2010년 12월 24일 제정
UQX620,사설납골시설,2010년 12월 24일 제정
UQX690,기타납골시설,2010년 12월 24일 제정
UQX700,자연장지,2010년 12월 24일 제∙개정
UQX999,기타보건위생시설,2010년 12월 24일 제정
UQY000,국토계획환경기초시설미분류,2010년 12월 24일 제정
UQY100,하수도,2010년 12월 24일 제정
UQY110,공공하수도중간선하수관,2010년 12월 24일 제정
UQY120,하수종말처리시설,2010년 12월 24일 제정
UQY190,기타하수도시설,2010년 12월 24일 제정
UQY200,폐기물처리시설,2010년 12월 24일 제정
UQY210,광역폐기물처리시설,2010년 12월 24일 제정
UQY220,재활용시설,2010년 12월 24일 제정
UQY290,기타폐기물처리시설,2010년 12월 24일 제정
UQY300,수질오염방지시설,2010년 12월 24일 제정
UQY310,폐수종말처리시설,2010년 12월 24일 제정
UQY320,폐수수탁처리업시설,2010년 12월 24일 제정
UQY330,분뇨처리시설,2010년 12월 24일 제정
UQY340,축산폐수공공처리시설,2010년 12월 24일 제정
UQY350,폐광폐수처리시설,2010년 12월 24일 제정
UQY390,기타수질오염방지시설,2010년 12월 24일 제정
UQY400,폐차장,2010년 12월 24일 제정
UQY490,기타폐차장시설,2010년 12월 24일 제정
UQY999,기타환경기초시설,2010년 12월 24일 제정
UQZ000,기타용도지역지구미분류,2010년 12월 24일 제정
UQZ999,기타용도지역지구기타,2010년 12월 24일 제정
ZA0001,시계(市界)경관지구,2010년 12월 24일 제정
ZA0002,문화재주변경관지구,2010년 12월 24일 제정
ZA0003,조망경관지구,2010년 12월 24일 제정
ZA0004,보행우선지구,2010년 12월 24일 제정
ZA0005,사적건축물보전지구,2010년 12월 24일 제정
ZA0006,문화재보존영향 검토대상지역,2010년 12월 24일 제정
ZA0008,조망가로미관지구,2010년 12월 24일 제정
ZA0009,학교이적지,토지이용계획확인서로 확인할 수 있는 정보 추가(11.03.08)
ZA0010,4대문안,토지이용계획확인서로 확인할 수 있는 정보 추가(11.03.08)
ZA0011,비오톱1등급,토지이용계획확인서로 확인할 수 있는 정보 추가(11.03.08)
ZA0012,사고지,토지이용계획확인서로 확인할 수 있는 정보 추가(11.03.08)
ZA1101,원형보존지,2010년 07월 01일 제∙개정
ZB0001,숙박시설제한지구,2010년 12월 24일 제정
ZB0002,위락시설제한지구,2010년 12월 24일 제정
ZB0003,위험물저장및처리시설제한지구,2010년 12월 24일 제정
ZB0004,문화재보존영향 검토대상지역,2010년 12월 24일 제정
ZB0005,도시계획시설이적지,2017년 10월 20일 제∙개정
ZB0006,지적재조사업지구,2017년 10월 20일 제∙개정
ZB0007,등록사항정정대상토지,2013년 09월 02일 제∙개정
ZB3501,해운대구컨벤션영상해양레저특구,2010년 12월 24일 제정
ZC0001,제1종자연경관지구,2010년 12월 24일 제정
ZC0002,제2종자연경관지구,2010년 12월 24일 제정
ZC0003,제1종수변경관지구,2010년 12월 24일 제정
ZC0004,제2종수변경관지구,2010년 12월 24일 제정
ZC0005,전통경관지구,2010년 12월 24일 제정
ZC0006,숙박시설제한지구,2010년 12월 24일 제정
ZC0007,위락시설제한지구,2010년 12월 24일 제정
ZC0008,위험물저장및처리시설제한지구,2010년 12월 24일 제정
ZC0009,문화재보존영향 검토대상지역,2010년 12월 24일 제정
ZC0011,팔공산자연공원집단시설지구,2010년 12월 24일 제정
ZD0001,숙박시설제한지구,2010년 12월 24일 제정
ZD0002,위락시설제한지구,2010년 12월 24일 제정
ZD0003,위험물저장및처리시설제한지구,2010년 12월 24일 제정
ZD0004,문화재보존영향 검토대상지역,2010년 12월 24일 제정
ZD0006,시지정문화재천연보호구역,2010년 12월 24일 제정
ZD0007,사고지,2015년 10월 20일 제∙개정
ZD0008,지적재조사사업지구,2010년 07월 01일 제∙개정
ZD0009,역사문화환경 보전지역,2010년 12월 24일 제∙개정
ZE0001,제1종자연경관지구,2010년 12월 24일 제정
ZE0002,제2종자연경관지구,2010년 12월 24일 제정
ZE0003,제1종수변(水邊)경관지구,2010년 12월 24일 제정
ZE0004,제2종수변경관지구,2010년 12월 24일 제정
ZE0005,전통경관지구,2010년 12월 24일 제정
ZE0006,조망권경관지구,2010년 12월 24일 제정
ZE0007,숙박시설제한지구,2010년 12월 24일 제정
ZE0008,위락시설제한지구,2010년 12월 24일 제정
ZE0009,위험물저장및처리시설제한지구,2010년 12월 24일 제정
ZE0010,보행자우선지구,2010년 12월 24일 제정
ZE0011,주거환경보호지구,2010년 12월 24일 제정
ZE0012,농수산업지구,2010년 12월 24일 제정
ZE0013,시계관리지구,2010년 12월 24일 제정
ZE0014,문화재보존영향 검토대상지역,2010년 12월 24일 제정
ZF0001,호국경관지구,2010년 12월 24일 제정
ZF0002,문화재보존영향 검토대상지역,2010년 12월 24일 제정
ZF0003,숙박시설제한지구,2010년 12월 24일 제정
ZF0004,위락시설제한지구,2010년 12월 24일 제정
ZF0005,일반경관지구,2010년 12월 24일 제정
ZF0006,위험물저장및처리시설제한지구,2010년 12월 24일 제정
ZF0007,원도심권역,2010년 12월 24일 제정
ZG0001,숙박시설제한지구,2010년 12월 24일 제정
ZG0002,위락시설제한지구,2010년 12월 24일 제정
ZG0003,위험물저장및처리시설제한지구,2010년 12월 24일 제정
ZG0004,문화재보존영향 검토대상지역,2010년 12월 24일 제정
ZH0001,전통경관지구,2010년 12월 24일 제정
ZH0002,조망권경관지구,2010년 12월 24일 제정
ZH0003,상업개발촉진지구,2010년 12월 24일 제정
ZH0004,공업개발촉진지구,2010년 12월 24일 제정
ZH0005,첨단산업개발촉진지구,2010년 12월 24일 제정
ZH0006,외국인투자개발촉진지구,2010년 12월 24일 제정
ZH0007,레포츠개발촉진지구,2010년 12월 24일 제정
ZH0008,숙박시설제한지구,2010년 12월 24일 제정
ZH0009,위험물저장및처리시설제한지구,2010년 12월 24일 제정
ZH0010,보행자우선지구,2010년 12월 24일 제정
ZH0011,주거환경보호지구,2010년 12월 24일 제정
ZH0012,농수산업지구,2010년 12월 24일 제정
ZH0013,시계관리지구,2010년 12월 24일 제정
ZH0014,제1종자연경관지구,2010년 12월 24일 제정
ZH0015,제2종자연경관지구,2010년 12월 24일 제정
ZH0016,제1종수변경관지구,2010년 12월 24일 제정
ZH0017,제2종수변경관지구,2010년 12월 24일 제정
ZH0018,위락시설제한지구,2010년 12월 24일 제정
ZH0020,자연환경보전보호구역,2010년 12월 24일 제정
ZH0021,문화재보존영향 검토대상지역,2010년 12월 24일 제정
ZH0035,숙박·위락시설제한지구,2010년 12월 24일 제정
ZH1101,수원시향토유적보호구역,2010년 12월 24일 제정
ZH1301,성남시향토유적보호구역,2010년 12월 24일 제정
ZH1501,의정부시향토유적보호구역,2010년 12월 24일 제정
ZH1701,안양시향토유적보호구역,2010년 12월 24일 제정
ZH1901,부천시향토유적보호구역,2010년 12월 24일 제정
ZH2501,동두천시향토유적보호구역,2010년 12월 24일 제정
ZH2701,안산시향토유적보호구역,2010년 12월 24일 제정
ZH2901,과천시향토유적보호구역,2010년 12월 24일 제정
ZH3101,구리시향토유적보호구역,2010년 12월 24일 제정
ZH3601,남양주시향토유적보호구역,2010년 12월 24일 제정
ZH3901,시흥시향토문화유산보호구역,2010년 12월 24일 제정
ZH4101,군포시향토유적보호구역,2010년 12월 24일 제정
ZH4301,의왕시향토유적보호구역,2010년 12월 24일 제정
ZH4501,하남시향토유적보호구역,2010년 12월 24일 제정
ZH4601,용인시향토유적보호구역,2010년 12월 24일 제정
ZH5701,김포시향토유적보호구역,2010년 12월 24일 제정
ZH5702,김포시자연경관보전지역,2010년 12월 24일 제정
ZH6101,광주시향토유적보호구역,2010년 12월 24일 제정
ZH6301,양주시향토유적보호구역,2010년 12월 24일 제정
ZH6501,포천시향토유적보호구역,2010년 12월 24일 제정
ZH7301,여주군향토유적보호구역,2010년 12월 24일 제정
ZH8201,가평군향토유적보호구역,2010년 12월 24일 제정
ZH8301,양평군향토유적보호구역,2010년 12월 24일 제정
ZI0001,조망권경관지구,2010년 12월 24일 제정
ZI0002,문화재보존영양 검토대상지역,2010년 12월 24일 제정
ZI0004,주거환경보호지구,2010년 12월 24일 제정
ZI0005,위락시설제한지구,2010년 12월 24일 제정
ZI0006,숙박시설제한지구,2010년 12월 24일 제정
ZI0007,위험물저장및처리시설제한지구,2010년 12월 24일 제정
ZI0009,동강유역자연휴식지역,2010년 12월 24일 제정
ZI0010,자연환경연구공원,2010년 12월 24일 제정
ZI2101,농수산업지구,2010년 12월 24일 제정
ZI7801,농업지구,2010년 12월 24일 제정
ZI8001,제2종자연경관지구,2010년 12월 24일 제정
ZJ0001,숙박시설제한지구,2010년 12월 24일 제정
ZJ0002,위락시설제한지구,2010년 12월 24일 제정
ZJ0003,위험물저장및처리시설제한지구,2010년 12월 24일 제정
ZJ0004,보행자우선지구,2010년 12월 24일 제정
ZJ0005,주거환경보호지구,2010년 12월 24일 제정
ZJ0006,농수산업지구,2010년 12월 24일 제정
ZJ0007,시계관리지구,2010년 12월 24일 제정
ZJ0008,문화재보존영향 검토대상지역,2010년 12월 24일 제정
ZJ0009,제1종자연경관지구,2010년 12월 24일 제정
ZJ0010,제2종자연경관지구,2010년 12월 24일 제정
ZJ0011,제1종수변경관지구,2010년 12월 24일 제정
ZJ0012,제2종수변경관지구,2010년 12월 24일 제정
ZJ0013,전통경관지구,2010년 12월 24일 제정
ZJ0016,조망권경관지구,2010년 12월 24일 제정
ZJ1001,등록사항정정대상토지,2018년 10월 23일 제개정(청주시 도시계획조례)
ZJ1002,지적재조사사업지구,2018년 10월 23일 제개정(청주시 도시계획조례)
ZJ7101,청원군향토유적보호구역,2010년 12월 24일 제정
ZJ7201,보은군전통사찰보존구역주변지역,2010년 12월 24일 제정
ZJ7202,보은군자연경관보전지역,2010년 12월 24일 제정
ZJ7401,영동군향토유적보호구역,2010년 12월 24일 제정
ZJ7402,증평군향토유적보호구역,2010년 12월 24일 제정
ZJ8001,단양군향토유적보호구역,2010년 12월 24일 제정
ZJ8002,단양군전통사찰보존구역주변지역,2010년 12월 24일 제정
ZK0001,제1종자연경관지구,2010년 12월 24일 제정
ZK0002,제2종자연경관지구,2010년 12월 24일 제정
ZK0003,제1종수변경관지구,2010년 12월 24일 제정
ZK0004,제2종수변경관지구,2010년 12월 24일 제정
ZK0005,전통경관지구,2010년 12월 24일 제정
ZK0006,조망권경관지구,2010년 12월 24일 제정
ZK0007,숙박시설제한지구,2010년 12월 24일 제정
ZK0008,위락시설제한지구,2010년 12월 24일 제정
ZK0009,위험물저장및처리시설제한지구,2010년 12월 24일 제정
ZK0010,보행자우선지구,2010년 12월 24일 제정
ZK0011,주거환경보호지구,2010년 12월 24일 제정
ZK0012,농수산업지구,2010년 12월 24일 제정
ZK0013,시계관리지구,2010년 12월 24일 제정
ZK0014,문화재보존영향 검토대상지역,2010년 12월 24일 제정
ZL0001,제1종자연경관지구,2010년 12월 24일 제정
ZL0002,제2종자연경관지구,2010년 12월 24일 제정
ZL0003,제1종수변경관지구,2010년 12월 24일 제정
ZL0004,제2종수변경관지구,2010년 12월 24일 제정
ZL0005,전통경관지구,2010년 12월 24일 제정
ZL0006,조망권경관지구,2010년 12월 24일 제정
ZL0007,숙박시설제한지구,2010년 12월 24일 제정
ZL0008,위락시설제한지구,2010년 12월 24일 제정
ZL0009,위험물저장및처리시설제한지구,2010년 12월 24일 제정
ZL0010,문화재보존영향 검토대상지역,2010년 12월 24일 제정
ZL0011,농수산업지구,2010년 12월 24일 제정
ZL0012,주거환경보호지구,2010년 12월 24일 제정
ZL1401,자연경관보전지역,2010년 12월 24일 제정
ZL1901,자연경관보전지역,2010년 12월 24일 제정
ZL7101,자연경관보전지역,2010년 12월 24일 제정
ZL7201,자연경관보전지역,2010년 12월 24일 제정
ZL7301,향토유적보호구역,2010년 12월 24일 제정
ZL7401,자연경관보전지역,2010년 12월 24일 제정
ZL7901,자연경관보전지역,2010년 12월 24일 제정
ZL8001,자연경관보전지역,2010년 12월 24일 제정
ZM0001,전통경관지구,2010년 12월 24일 제정
ZM0002,조망권경관지구,2010년 12월 24일 제정
ZM0003,숙박시설제한지구,2010년 12월 24일 제정
ZM0004,위락시설제한지구,2010년 12월 24일 제정
ZM0005,위험물저장및처리시설제한지구,2010년 12월 24일 제정
ZM0006,문화재보존영향 검토대상지역,2010년 12월 24일 제정
ZM0007,농수산업지구,2010년 12월 24일 제정
ZM0008,주거환경보호지구,2010년 12월 24일 제정
ZM0009,제1종자연경관지구,2010년 12월 24일 제정
ZM0010,제2종자연경관지구,2010년 12월 24일 제정
ZM0011,제1종수변경관지구,2010년 12월 24일 제정
ZM0012,제2종수변경관지구,2010년 12월 24일 제정
ZM1301,여수시향토유적보호구역,2010년 12월 24일 제정
ZM7101,담양군향토유적보호구역,2010년 12월 24일 제정
ZM7701,고흥군자연경관보전지역,2010년 12월 24일 제정
ZM8101,강진군자연경관보전지역,2010년 12월 24일 제정
ZM8401,무안군향토유적보호구역,2010년 12월 24일 제정
ZM9001,진도군향토유적보호구역,2010년 12월 24일 제정
ZM9101,신안군향토유적보호구역,2010년 12월 24일 제정
ZN0001,제1종자연경관지구,2010년 12월 24일 제정
ZN0002,제2종자연경관지구,2010년 12월 24일 제정
ZN0003,제1종수변경관지구,2010년 12월 24일 제정
ZN0004,제2종수변경관지구,2010년 12월 24일 제정
ZN0005,전통경관지구,2010년 12월 24일 제정
ZN0006,조망권경관지구,2010년 12월 24일 제정
ZN0007,숙박시설제한지구,2010년 12월 24일 제정
ZN0008,위락시설제한지구,2010년 12월 24일 제정
ZN0009,위험물저장및처리시설제한지구,2010년 12월 24일 제정
ZN0010,보행자우선지구,2010년 12월 24일 제정
ZN0011,주거환경보호지구,2010년 12월 24일 제정
ZN0012,농수산업지구,2010년 12월 24일 제정
ZN0013,도계관리지구,2010년 12월 24일 제정
ZN0014,문화재보존영향 검토대상지역,2010년 12월 24일 제정
ZN1101,수변및기타경관지구,2010년 12월 24일 제정
ZN1901,구미시전통사찰보존구역주변지역,2015년 10월 05일 제∙개정(조례폐지)
ZN2101,영주시전통사찰보존구역주변지역,2015년 09월 24일 제∙개정(조례폐지)
ZN2501,상주시자연경관보전지역,2011년 10월 13일 제∙개정(조례폐지)
ZN7701,영덕군자연경관보전지역,2010년 12월 24일 제정
ZO0001,제1종자연경관지구,2010년 12월 24일 제정
ZO0002,제2종자연경관지구,2010년 12월 24일 제정
ZO0003,제1종수변경관지구,2010년 12월 24일 제정
ZO0004,제2종수변(水邊)경관지구,2010년 12월 24일 제정
ZO0005,전통경관지구,2010년 12월 24일 제정
ZO0006,조망권경관지구,2010년 12월 24일 제정
ZO0007,숙박시설제한지구,2010년 12월 24일 제정
ZO0008,위락시설제한지구,2010년 12월 24일 제정
ZO0009,위험물저장및처리시설제한지구,2010년 12월 24일 제정
ZO0010,문화재보존영향 검토대상지역,2010년 12월 24일 제정
ZO0011,농수산업지구,2010년 12월 24일 제정
ZO0012,주거환경보호지구,2010년 12월 24일 제정
ZO8901,자연경관보전지역,2010년 12월 24일 제정
ZP0001,전통경관지구,2010년 12월 24일 제정
ZP0002,조망권경관지구,2010년 12월 24일 제정
ZP0003,숙박시설제한지구,2010년 12월 24일 제정
ZP0004,위락시설제한지구,2010년 12월 24일 제정
ZP0005,위험물저장및처리시설제한지구,2010년 12월 24일 제정
ZP0006,보행자우선지구,2010년 12월 24일 제정
ZP0007,주거환경보호지구,2010년 12월 24일 제정
ZP0008,농수산업지구,2010년 12월 24일 제정
ZP0009,시계관리지구,2010년 12월 24일 제정
ZP0010,문화재보존영향 검토대상지역,2010년 12월 24일 제정
ZP0012,정주환경지원지구,2010년 12월 24일 제정
ZQ0001,중점경관관리구역,2010년 07월 01일 제∙개정